actual,pred
18.93869972229004,18.947162628173828
18.843299865722656,18.858776092529297
18.873300552368164,18.80821990966797
19.161300659179688,18.953638076782227
19.857999801635742,19.500452041625977
20.750699996948242,20.607458114624023
21.806699752807617,21.67171287536621
22.51729965209961,22.78359603881836
23.202699661254883,23.06110191345215
23.933300018310547,23.602130889892578
